wmo,cycle,date,latitude,longitude
1901615,2,2025-12-11T22:04:03Z,9.867,-147.783
1902304,156,2024-03-11T20:45:53Z,54.919,-18.961
1902304,166,2024-06-19T20:24:35Z,58.658,-18.934
1902347,12,2025-01-31T10:04:16Z,-0.132,-179.437
1902347,28,2025-02-08T11:12:49Z,-0.246,-179.311
1902368,16,2024-07-29T22:01:51Z,56.353,-146.547
1902368,25,2024-10-28T18:48:18Z,55.614,-148.259
1902369,42,2025-01-12T08:50:20Z,44.91,-131.713
1902370,49,2024-11-24T09:42:27Z,5.664,165.897
1902370,74,2025-08-03T23:07:46Z,5.338,167.411
1902371,17,2024-05-14T02:25:54Z,51.96,-142.963
1902372,17,2025-04-22T16:12:21Z,0.088,92.932
1902373,58,2026-01-15T00:43:10Z,14.129,90.172
1902373,68,2026-04-27T05:45:22Z,13.778,89.998
1902374,41,2025-04-25T15:07:56Z,51.184,-172.14
1902374,66,2026-01-04T09:40:19Z,51.416,-161.915
1902380,123,2025-05-23T04:32:55Z,19.493,-43.916
1902380,140,2025-11-10T10:45:47Z,18.31,-47.783
1902382,100,2024-10-01T23:13:55Z,19.16,-31.536
1902383,144,2025-12-25T20:48:30Z,23.436,-60.07
1902453,36,2024-05-16T19:10:10Z,-1.993,71.579
1902453,91,2025-11-21T14:46:57Z,-3.784,73.233
1902455,32,2024-04-06T22:10:54Z,2.232,64.413
1902457,65,2025-03-05T11:28:39Z,5.202,67.828
1902457,93,2025-12-13T02:11:03Z,5.943,68.131
1902489,2,2024-05-21T16:00:16Z,1.068,-85.49
1902490,13,2024-06-28T11:58:20Z,-30.704,-0.895
1902490,29,2024-12-05T08:24:37Z,-31.721,-2.8
1902490,32,2025-01-04T15:03:55Z,-31.84,-4.493
1902491,58,2025-10-12T14:15:54Z,-54.736,49.423
1902492,22,2024-09-08T15:13:25Z,0.668,-9.492
1902492,77,2026-03-17T05:53:20Z,-1.826,6.243
1902493,65,2025-12-05T19:01:09Z,-30.532,-10.124
1902493,77,2026-04-05T14:07:44Z,-30.614,-12.559
1902494,37,2025-01-25T08:12:14Z,-48.57,14.023
1902495,32,2024-12-30T20:13:52Z,-19.549,-1.808
1902495,35,2025-01-30T01:31:51Z,-18.642,-2.194
1902495,42,2025-04-10T12:48:29Z,-19.072,-2.629
1902496,62,2025-10-26T20:42:45Z,-15.334,-2.076
1902496,87,2026-07-05T18:40:33Z,-15.691,-1.044
1902497,10,2024-05-20T10:07:31Z,-12.817,1.789
1902498,15,2024-07-06T19:45:00Z,-5.869,-3.612
1902498,25,2024-10-14T18:43:56Z,-7.022,-3.34
1902500,38,2025-03-03T05:19:17Z,-21.117,-1.341
1902593,117,2026-03-16T03:09:48Z,-51.049,163.977
1902594,61,2024-12-17T20:11:38Z,10.327,85.632
1902601,51,2024-03-19T13:14:09Z,11.705,-24.257
1902601,65,2024-06-01T13:06:13Z,11.679,-25.239
1902602,207,2026-03-15T11:20:00Z,64.669,-4.666
1902602,219,2026-05-14T11:29:00Z,64.409,-5.83
1902605,162,2024-03-26T11:27:00Z,42.596,7.914
1902605,244,2025-05-10T11:27:00Z,43.118,7.524
1902628,8,2026-03-14T07:04:20Z,-39.631,-45.516
1902628,15,2026-05-24T05:11:23Z,-46.323,-53.708
1902637,58,2024-06-14T13:29:16Z,59.92,-17.748
1902637,59,2024-06-19T13:25:16Z,60.033,-17.568
1902644,42,2025-02-12T04:23:29Z,-18.672,-71.882
1902646,16,2024-04-01T18:04:22Z,33.207,-179.819
1902646,17,2024-04-12T01:11:10Z,33.19,-179.857
1902648,17,2024-10-01T07:59:46Z,-64.692,-160.227
1902648,29,2025-02-01T22:45:42Z,-64.945,-160.754
1902648,30,2025-02-12T04:54:01Z,-64.948,-160.875
1902650,67,2026-01-07T20:26:44Z,-54.408,97.642
1902651,76,2026-04-06T02:36:41Z,-36.517,111.541
1902652,11,2025-06-28T15:23:57Z,11.366,-112.431
1902652,26,2025-11-30T14:00:15Z,11.262,-115.361
1902653,31,2026-01-25T06:30:43Z,27.47,-128.591
1902660,23,2025-05-15T22:15:55Z,21.593,59.819
1902660,46,2025-11-14T22:37:10Z,24.799,62.852
1902666,45,2025-06-14T15:05:54Z,59.12,-147.198
1902666,65,2026-01-02T12:25:29Z,54.737,-156.156
1902683,299,2025-02-03T21:09:56Z,55.222,19.666
1902685,65,2024-08-20T21:51:20Z,19.92,-156.784
1902685,87,2025-03-06T21:49:20Z,19.487,-156.229
1902692,16,2024-11-08T13:11:27Z,9.412,-88.704
1902695,1,2024-09-13T12:53:23Z,61.186,-21.791
1902698,24,2024-10-03T11:17:00Z,70.009,3.901
1902698,64,2025-04-21T11:28:00Z,69.653,3.922
1902703,20,2026-04-28T03:24:50Z,-31.983,-37.849
1902704,4,2025-12-18T21:12:39Z,-8.02,-144.68
1902706,7,2025-12-28T03:41:50Z,-21.109,-146.976
1902708,5,2026-01-08T14:36:26Z,-51.653,-90.131
1902709,4,2026-06-12T06:36:04Z,-27.249,-174.481
1902722,9,2025-05-15T11:53:51Z,-21.41,-36.401
1902740,16,2024-12-31T00:04:00Z,45.712,-1.664
1902740,24,2025-01-08T00:04:00Z,45.765,-1.655
1902740,30,2025-01-14T00:05:00Z,45.781,-1.652
1902742,42,2026-04-15T20:36:10Z,21.349,-75.24
1902743,7,2025-11-04T19:44:35Z,0.525,179.954
1902744,10,2025-11-19T11:58:49Z,10.741,168.525
1902744,27,2026-05-13T01:53:13Z,9.969,-179.943
1902744,32,2026-07-03T10:36:11Z,9.024,178.311
1902745,11,2026-05-10T23:40:31Z,-28.046,57.396
1902745,16,2026-07-01T12:33:09Z,-29.26,56.659
1902746,8,2026-04-21T23:21:44Z,-50.129,107.099
1902746,14,2026-06-22T18:32:05Z,-50.016,109.118
1902748,3,2026-05-30T18:58:44Z,37.364,151.703
1902749,3,2026-04-26T05:56:41Z,33.023,-140.588
1902749,7,2026-06-06T04:02:17Z,33.589,-141.068
1902751,41,2025-06-26T21:49:33Z,21.083,60.202
1902800,1,2026-05-29T19:20:28Z,18.15,-65.015
1902800,7,2026-06-01T23:12:25Z,18.136,-65.051
1902802,26,2026-04-13T14:18:35Z,40.627,-38.584
1902884,1,2026-06-12T10:07:34Z,47.946,-10.14
1902884,2,2026-06-22T11:05:42Z,48.105,-9.839
1902884,3,2026-07-02T12:06:43Z,48.214,-9.861
2901931,30,2025-10-06T03:34:30Z,67.819,-32.276
2901931,38,2025-10-18T03:25:16Z,67.799,-32.271
2902263,315,2024-03-13T17:36:00Z,16.45,58.703
2902263,316,2024-03-23T17:39:00Z,16.816,58.479
2902270,190,2024-04-30T18:55:28Z,14.962,65.211
2902270,192,2024-05-21T18:38:50Z,15.36,65.025
2902271,179,2024-03-18T22:43:31Z,14.895,63.897
2902271,181,2024-04-07T22:56:03Z,15.038,64.047
2902272,209,2025-01-12T07:25:59Z,17.887,60.971
2902272,218,2025-04-12T05:51:10Z,18.924,59.848
2902273,178,2024-03-09T07:26:42Z,18.025,66.581
2902273,184,2024-05-08T06:14:15Z,17.817,66.307
2902273,190,2024-07-07T10:08:01Z,16.821,65.632
2902295,158,2024-06-19T06:35:51Z,,
2902295,173,2024-11-16T07:17:02Z,,
2902296,224,2026-04-03T20:20:24Z,,
2902299,161,2024-06-29T07:10:23Z,-62.922,89.149
2902306,12,2024-08-27T04:21:19Z,19.267,67.93
2902306,68,2026-03-05T21:29:12Z,15.075,59.011
2902878,197,2025-05-12T00:06:11Z,42.064,145.294
2902882,91,2024-03-19T02:09:20Z,24.426,147.78
2902882,176,2024-12-21T02:20:16Z,20.718,139.975
2902883,89,2024-03-06T17:16:20Z,17.555,141.928
2902884,129,2025-08-05T07:53:30Z,5.27,121.056
2902885,62,2024-12-05T13:16:21Z,35.263,146.159
2902885,96,2025-11-16T18:48:20Z,37.565,160.263
2902886,120,2026-06-09T13:43:27Z,40.749,154.59
2902887,124,2024-04-16T14:03:22Z,28.464,144.628
2902887,141,2024-06-08T13:59:22Z,28.948,144.468
2902911,98,2024-10-22T22:52:00Z,32.928,158.994
2902913,23,2024-12-18T03:13:23Z,16.206,130.917
2902933,89,2025-11-15T12:00:38Z,3.981,138.814
2902933,142,2026-04-23T12:18:39Z,5.063,139.619
2902934,71,2025-10-06T12:11:46Z,3.914,143.588
2902936,45,2026-04-17T08:12:27Z,15.795,64.686
2903439,14,2025-03-02T04:50:03Z,-35.409,-109.602
2903440,28,2025-07-22T19:44:44Z,-38.401,-98.264
2903442,3,2024-11-15T08:06:29Z,-40.986,-79.552
2903442,40,2025-11-23T05:40:12Z,-38.69,-79.238
2903451,42,2024-04-20T07:21:06Z,-0.141,148.291
2903451,43,2024-04-30T07:47:46Z,-0.403,148.791
2903453,34,2024-03-05T16:57:25Z,-52.062,151.867
2903454,34,2024-03-08T01:35:50Z,-65.814,161.568
2903454,36,2024-03-28T15:21:12Z,-66.047,161.564
2903454,43,2024-06-08T12:48:34Z,-66.14,161.531
2903455,62,2025-02-28T12:22:49Z,-51.27,-112.464
2903456,42,2024-08-05T09:17:46Z,-54.685,-126.495
2903457,51,2024-11-02T23:16:22Z,-45.948,-146.333
2903457,90,2025-12-10T01:08:01Z,-43.376,-149.126
2903459,94,2025-12-22T16:28:17Z,-9.762,-90.418
2903461,38,2024-06-03T12:09:37Z,-3.07,-99.861
2903462,47,2024-08-29T06:34:43Z,0.136,-104.628
2903463,105,2026-04-05T08:54:36Z,3.247,-108.343
2903464,59,2025-02-16T17:06:00Z,3.667,81.022
2903465,36,2024-05-25T11:22:21Z,-4.651,86.385
2903466,54,2024-12-16T20:25:48Z,0.708,64.432
2903467,27,2024-03-24T17:15:25Z,-10.662,92.291
2903467,51,2024-11-20T16:18:16Z,-8.427,85.4
2903468,40,2024-08-11T11:29:21Z,-18.206,98.678
2903469,22,2024-05-01T05:59:14Z,-39.049,-4.505
2903469,64,2025-07-06T12:49:34Z,-39.852,-4.58
2903472,46,2024-12-28T21:13:52Z,-41.444,39.011
2903473,48,2025-01-26T10:30:37Z,-46.365,4.452
2903473,63,2025-06-29T08:49:42Z,-47.058,18.269
2903762,56,2025-06-26T12:14:13Z,46.469,161.167
2903762,88,2025-12-03T13:22:49Z,44.968,162.809
2903763,2,2024-10-12T13:55:03Z,46.964,169.978
2903763,36,2025-03-15T11:01:17Z,47.397,170.828
2903783,66,2024-09-08T21:45:51Z,-25.923,-165.194
2903787,97,2025-03-24T06:25:22Z,-50.052,96.571
2903787,141,2026-04-24T03:25:22Z,-51.748,139.314
2903794,134,2025-02-02T11:26:36Z,68.955,-1.455
2903802,27,2025-09-15T07:00:49Z,43.229,7.649
2903827,1,2026-07-01T09:00:22Z,8.991,-119.979
2903827,2,2026-07-02T02:20:38Z,8.988,-119.963
2903827,4,2026-07-03T17:10:25Z,8.965,-119.922
2903828,38,2026-05-30T19:29:19Z,-4.169,159.622
2903829,14,2025-06-23T08:13:35Z,9.994,86.482
2903829,30,2025-12-02T20:54:37Z,9.21,87.38
2903830,1,2026-07-04T05:43:06Z,2.998,-120.535
2903830,2,2026-07-04T21:28:11Z,2.957,-120.622
2903830,3,2026-07-05T13:19:52Z,2.936,-120.724
2903832,70,2026-03-30T09:12:45Z,-28.364,-90.909
2903834,1,2026-01-10T00:02:16Z,-32.751,85.001
2903838,7,2026-01-24T17:05:44Z,-17.177,61.128
2903839,10,2026-02-27T03:02:22Z,-23.691,-37.799
2903839,13,2026-03-29T09:50:16Z,-23.935,-38.632
2903842,12,2026-06-19T22:52:00Z,9.175,-166.822
2903854,106,2026-07-05T07:42:24Z,-27.999,106.879
2903856,68,2025-07-22T20:13:16Z,1.294,171.914
2903858,70,2025-11-20T03:42:00Z,-16.179,-85.313
2903860,37,2024-11-07T02:40:36Z,27.595,178.563
2903860,53,2025-04-21T03:45:48Z,26.728,179.578
2903860,57,2025-06-01T10:57:57Z,27.112,-179.722
2903863,57,2024-05-14T10:40:00Z,19.062,-157.285
2903865,18,2024-09-10T15:28:34Z,-49.342,97.459
2903866,2,2024-04-24T22:37:43Z,-53.086,-179.274
2903866,16,2024-09-15T05:41:46Z,-47.806,-166.274
2903866,32,2025-02-26T05:59:28Z,-45.463,-156.485
2903867,6,2024-03-17T22:29:14Z,-64.43,143.848
2903867,17,2024-07-07T18:44:39Z,-65.252,146.631
2903867,70,2025-12-25T16:00:27Z,,
2903869,59,2025-04-15T21:09:16Z,-29.442,46.716
2903872,6,2024-03-30T22:24:22Z,-57.696,114.511
2903872,10,2024-05-11T00:36:36Z,-58.885,113.644
2903874,14,2024-03-20T11:45:47Z,-67.174,6.752
2903885,34,2025-09-11T02:14:17Z,-9.792,86.576
2903885,35,2025-09-21T06:29:47Z,-9.7,85.975
2903886,103,2025-10-18T15:52:54Z,32.676,-120.773
2903887,13,2024-07-24T17:40:11Z,14.95,158.985
2903887,43,2025-02-05T06:46:48Z,17.298,156.543
2903902,24,2024-06-02T12:21:30Z,55.337,15.613
2903904,6,2025-05-15T12:26:05Z,9.554,-88.952
2903904,29,2025-12-24T03:32:40Z,9.784,-91.547
2903913,11,2026-03-02T17:57:10Z,-17.445,73.091
2903915,14,2025-06-06T02:52:37Z,-3.025,92.503
2903918,32,2026-04-09T01:11:02Z,-3.043,171.136
2903919,32,2026-03-18T02:01:16Z,10.327,152.062
2903919,36,2026-04-27T04:51:44Z,10.556,150.996
2903920,7,2025-07-08T04:38:54Z,3.705,152.009
2903920,36,2026-04-27T03:00:39Z,3.411,141.465
2903922,9,2026-01-30T06:28:29Z,-18.506,84.447
2903924,3,2026-02-07T17:29:24Z,-36.164,-39.328
2903926,10,2026-02-28T05:32:00Z,-45.929,-50.213
2903936,9,2025-03-19T09:31:19Z,-43.144,-117.459
2903938,3,2025-02-22T01:03:11Z,46.707,-128.491
2903940,6,2025-05-11T07:25:52Z,-15.466,-9.918
2903950,23,2025-08-04T13:29:00Z,-15.793,69.185
2903951,22,2025-07-30T13:30:00Z,-5.115,84.503
2903964,3,2025-03-12T20:38:40Z,-65.865,-36.496
2903964,4,2025-03-23T04:29:05Z,-65.98,-36.561
2903965,1,2025-07-11T19:20:55Z,48.096,163.25
2903967,9,2025-11-13T01:06:42Z,-0.187,154.321
2903968,20,2026-04-24T23:41:26Z,17.582,-154.887
2903969,5,2026-01-09T01:58:49Z,-38.806,160.398
2903970,2,2025-12-22T13:38:19Z,-39.367,120.998
2903971,19,2026-06-23T23:33:49Z,-36.141,109.258
2903986,10,2025-07-24T23:25:06Z,-30.261,-8.355
2903986,22,2025-11-22T16:11:47Z,-30.759,-8.889
2904011,10,2025-06-23T08:59:35Z,26.704,-89.776
2904013,13,2026-01-12T11:22:47Z,2.24,86.523
2904013,20,2026-03-24T07:23:12Z,3.144,86.835
2904024,20,2025-09-09T22:26:18Z,41.154,10.831
2904029,10,2026-03-04T18:33:41Z,9.67,-90.564
2904077,13,2026-06-21T22:02:50Z,-60.983,149.769
2904077,14,2026-07-01T21:43:01Z,-60.58,149.877
2904078,9,2026-07-02T07:53:11Z,-30.796,-26.195
2904081,3,2026-04-29T07:10:28Z,-18.903,-24.531
2904081,5,2026-05-19T11:38:49Z,-19.005,-24.155
2904126,3,2026-07-05T03:58:13Z,38.802,-17.608
3901578,118,2025-02-22T00:25:00Z,10.039,-20.161
3901578,127,2025-05-23T18:23:00Z,9.145,-19.386
3901582,16,2024-10-18T01:30:48Z,49.319,-24.998
3901582,19,2024-11-01T13:38:28Z,49.447,-24.94
3901583,56,2025-04-21T01:36:45Z,48.348,-25.682
3901584,13,2024-09-13T02:44:44Z,43.195,-45.784
3901584,15,2024-09-23T02:36:45Z,42.466,-43.904
3901586,20,2024-12-06T01:30:44Z,61.5,-17.671
3902125,270,2024-09-22T08:25:00Z,-19.478,-29.604
3902259,10,2024-10-05T00:35:51Z,56.504,-9.985
3902259,24,2025-02-22T08:37:52Z,57.329,-11.507
3902260,7,2024-09-17T06:44:11Z,57.648,-26.665
3902260,9,2024-10-06T21:16:43Z,57.6,-25.544
3902261,22,2025-02-22T08:48:08Z,58.729,-26.602
3902261,35,2025-07-05T08:14:42Z,58.88,-19.613
3902303,3,2026-05-31T13:43:41Z,9.489,-149.981
3902331,13,2024-11-02T21:05:02Z,53.047,-44.599
3902332,2,2024-07-10T07:40:20Z,41.957,-46.147
3902332,7,2024-08-29T00:24:08Z,41.731,-48.734
3902332,53,2025-12-03T21:44:45Z,42.556,-61.715
3902333,3,2024-08-07T07:01:24Z,62.463,-35.983
3902334,37,2026-03-19T21:22:04Z,37.584,-59.03
3902340,20,2025-04-14T19:43:31Z,20.457,-178.428
3902341,1,2024-10-10T19:45:50Z,15.955,154.06
3902342,120,2025-02-16T10:43:05Z,22.386,-177.634
3902342,198,2025-05-12T09:26:45Z,22.365,-173.864
3902342,255,2025-06-12T20:14:34Z,21.126,-173.631
3902343,24,2025-05-26T05:15:18Z,20.046,173.926
3902343,52,2026-03-03T23:27:26Z,21.078,175.152
3902344,7,2024-12-05T09:02:53Z,19.799,176.393
3902345,26,2025-06-19T18:07:08Z,12.215,153.791
3902348,37,2025-12-14T05:30:43Z,25.84,-62.091
3902454,132,2025-09-07T12:18:46Z,9.59,161.564
3902454,169,2026-02-17T10:41:17Z,10.051,165.179
3902472,67,2024-08-29T06:49:09Z,-29.286,33.681
3902490,22,2024-03-11T00:31:42Z,-2.03,56.009
3902492,8,2024-03-09T08:13:34Z,-64.793,-56.273
3902498,53,2024-06-05T12:51:45Z,10.965,-23.713
3902498,147,2026-03-31T13:20:21Z,12.111,-20.447
3902533,40,2025-04-24T04:58:38Z,-4.595,-177.393
3902542,11,2026-05-24T13:55:13Z,9.657,179.634
3902543,1,2026-06-07T06:30:08Z,9.508,-130.017
3902543,7,2026-06-30T12:49:21Z,9.478,-130.573
3902554,52,2025-02-13T12:09:54Z,-37.775,44.344
3902554,82,2025-12-18T14:05:31Z,-31.784,45.565
3902556,26,2024-08-23T05:29:46Z,-16.454,-78.274
3902556,45,2025-03-06T04:43:15Z,-13.635,-81.625
3902559,153,2025-04-13T19:53:50Z,20.557,-159.778
3902564,53,2024-03-14T07:30:58Z,,
3902589,38,2025-02-07T00:55:31Z,7.805,-19.587
3902612,16,2025-04-18T00:18:58Z,-49.868,-143.262
3902615,25,2025-09-09T07:32:58Z,27.315,-39.175
3902615,35,2025-12-19T06:16:42Z,26.952,-37.478
3902643,14,2026-05-13T17:15:39Z,-59.69,-0.429
3902644,6,2026-01-20T22:26:47Z,-39.762,157.153
3902645,11,2026-04-11T03:30:47Z,-27.863,106.036
3902645,19,2026-07-02T15:20:36Z,-26.286,107.993
3902649,9,2026-06-20T15:27:22Z,-56.966,40.285
3902650,2,2026-04-15T20:44:50Z,-40.006,23.529
3902660,31,2026-03-03T12:55:50Z,-15.386,-11.962
3902660,42,2026-06-22T07:30:01Z,-14.866,-10.304
3902682,20,2026-02-02T21:28:49Z,-3.3,-13.674
3902683,10,2025-08-26T09:45:40Z,29.726,-64.202
3902683,23,2026-01-05T05:56:58Z,30.738,-67.952
3902684,14,2025-06-24T23:34:28Z,47.521,165.124
3902688,21,2025-09-17T02:38:45Z,49.259,-20.671
3902747,8,2026-04-30T07:10:01Z,-58.883,120.034
3902747,14,2026-06-29T23:36:38Z,-58.537,121.137
3902750,3,2026-02-07T00:23:33Z,10.286,62.403
3902751,5,2026-02-27T03:54:58Z,11.807,63.911
3902752,1,2026-01-22T02:07:53Z,13.479,63.495
3902754,8,2026-03-29T18:48:47Z,13.808,61.722
3902798,3,2026-07-03T05:16:11Z,46.782,-11.753
3902800,2,2026-06-30T22:21:46Z,-22.198,-85.15
4902437,236,2024-09-16T16:01:35Z,71.262,-61.754
4902437,256,2025-07-01T16:07:37Z,70.911,-63.621
4902597,59,2024-08-26T13:35:00Z,50.965,-144.185
4902598,121,2026-01-04T12:35:00Z,42.414,-54.269
4902598,139,2026-07-03T18:32:00Z,39.334,-51.829
4902599,65,2024-07-17T12:28:00Z,34.513,-61.902
4902600,65,2025-06-12T17:38:00Z,37.74,-58.086
4902600,75,2025-09-20T15:34:00Z,39.267,-54.789
4902601,19,2024-03-23T18:39:00Z,39.603,-69.581
4902620,79,2024-11-24T20:53:00Z,,
4902620,91,2025-03-24T13:53:00Z,,
4902623,86,2025-02-15T09:38:00Z,,
4902624,4,2024-07-21T17:37:00Z,,
4902624,8,2024-08-30T21:50:00Z,,
4902625,7,2024-08-22T21:41:00Z,,
4902625,11,2024-10-01T01:40:00Z,,
4902626,126,2026-03-20T05:20:00Z,1.803,65.413
4902627,21,2024-04-03T02:20:00Z,42.294,-60.656
4902628,48,2024-03-06T00:25:00Z,-31.878,37.132
4902628,113,2025-12-16T12:23:00Z,-46.78,40.275
4902674,28,2025-07-12T16:32:00Z,39.311,-69.477
4902675,43,2025-07-31T15:24:00Z,54.139,-51.95
4902675,44,2025-08-10T10:28:00Z,53.632,-51.836
4902676,28,2025-01-23T05:29:00Z,36.873,-60.206
4902676,32,2025-03-04T19:23:00Z,38.466,-60.585
4902677,5,2024-07-17T03:35:00Z,58.363,-57.881
4902678,64,2026-07-05T02:36:00Z,41.609,-58.363
4902681,204,2025-11-26T15:12:00Z,,
4902683,32,2025-06-04T02:08:00Z,,
4902683,120,2025-09-01T19:51:00Z,49.457,-131.502
4902683,267,2026-01-25T03:13:00Z,,
4902684,180,2026-05-06T18:59:00Z,58.996,-58.658
4902685,132,2025-09-19T03:50:00Z,56.847,-51.052
4902687,7,2024-05-24T15:42:00Z,57.958,-51.2
4902687,95,2025-06-16T05:55:00Z,60.068,-54.941
4902690,11,2025-08-23T11:40:00Z,50.017,-138.844
4902691,2,2025-05-30T11:36:00Z,49.126,-130.545
4903026,322,2024-05-24T23:17:43Z,37.198,-126.708
4903026,323,2024-05-28T03:44:37Z,37.244,-126.623
4903273,159,2025-12-15T05:05:45Z,35.026,-62.679
4903273,161,2026-01-06T05:26:07Z,34.58,-62.701
4903274,137,2025-01-15T06:12:31Z,23.662,-71.842
4903274,139,2025-02-06T06:22:33Z,23.0,-71.608
4903365,122,2024-12-05T09:25:02Z,54.404,-40.316
4903365,141,2025-06-15T03:56:48Z,55.931,-43.561
4903456,128,2026-03-08T19:22:57Z,36.179,-52.414
4903458,73,2024-10-06T08:03:16Z,15.115,-57.24
4903459,53,2024-04-11T03:09:30Z,4.441,-28.201
4903459,109,2025-10-26T20:08:26Z,4.932,-34.917
4903462,63,2024-07-19T07:03:27Z,10.117,-53.745
4903463,105,2025-09-26T19:54:38Z,5.034,-21.658
4903485,103,2026-02-05T16:46:00Z,27.768,-13.789
4903486,77,2025-04-16T07:12:51Z,5.534,-20.727
4903487,38,2024-04-01T12:31:11Z,25.341,-22.889
4903487,91,2025-09-13T13:29:28Z,26.739,-22.435
4903488,56,2024-11-02T03:54:31Z,53.139,-22.073
4903489,40,2024-04-03T10:55:16Z,-3.045,-17.957
4903489,61,2024-10-29T21:52:10Z,-2.407,-17.797
4903489,93,2025-09-16T23:26:43Z,-3.071,-22.304
4903499,66,2024-06-14T08:53:05Z,46.818,-125.463
4903500,97,2025-04-28T22:57:44Z,36.875,-128.157
4903500,113,2025-10-09T10:39:20Z,37.693,-125.402
4903532,57,2024-11-14T04:53:58Z,60.002,-33.208
4903532,105,2026-03-10T02:16:27Z,58.165,-56.987
4903533,78,2025-06-05T03:24:13Z,41.956,-29.343
4903533,87,2025-09-03T11:13:12Z,41.346,-29.153
4903565,13,2025-06-18T23:30:15Z,17.175,-49.052
4903566,14,2026-07-01T08:30:28Z,-52.377,157.21
4903567,1,2026-06-23T14:04:29Z,26.878,-46.178
4903567,2,2026-07-03T13:33:20Z,26.413,-46.349
4903570,27,2024-08-30T02:53:49Z,33.268,-67.801
4903570,94,2026-07-06T00:40:03Z,29.67,-75.03
4903571,33,2025-01-25T10:33:41Z,21.027,-28.483
4903571,59,2025-10-14T03:44:16Z,20.565,-28.925
4903590,211,2026-06-05T15:28:54Z,54.043,-143.593
4903591,77,2024-07-01T19:35:19Z,46.24,-150.845
4903591,121,2025-02-16T00:10:43Z,47.137,-151.625
4903613,1,2025-01-27T08:57:56Z,-64.001,119.867
4903615,85,2025-12-05T13:58:47Z,28.227,143.315
4903619,261,2025-12-25T15:33:26Z,3.53,134.311
4903619,305,2026-02-08T15:48:00Z,2.435,135.497
4903622,127,2025-03-19T18:44:24Z,24.351,-93.065
4903622,135,2025-06-10T08:37:59Z,25.162,-89.931
4903634,106,2025-02-20T14:19:52Z,52.437,-43.096
4903634,111,2025-04-11T14:13:53Z,49.995,-38.397
4903634,119,2025-06-30T14:19:53Z,51.498,-35.648
4903643,112,2024-07-12T13:28:00Z,12.894,-41.097
4903658,73,2024-09-06T06:52:26Z,-47.115,98.413
4903658,90,2025-02-06T04:27:26Z,-49.388,124.418
4903659,26,2024-07-24T11:50:03Z,60.671,-18.454
4903660,59,2024-06-26T07:05:18Z,15.848,62.361
4903661,54,2024-03-16T08:14:42Z,35.366,21.536
4903662,96,2024-06-11T12:20:00Z,37.632,-62.701
4903685,17,2026-03-05T11:26:00Z,36.057,-10.42
4903711,67,2025-02-25T11:45:00Z,42.232,35.322
4903739,70,2024-10-26T12:43:51Z,40.593,-24.463
4903739,75,2024-12-14T07:28:56Z,38.844,-26.986
4903739,95,2025-06-23T08:11:04Z,38.415,-27.783
4903740,94,2025-01-26T05:46:36Z,52.395,-11.726
4903747,31,2024-06-02T07:33:31Z,-26.304,108.565
4903747,45,2024-10-24T01:10:06Z,-27.41,107.717
4903748,88,2026-04-09T10:32:28Z,46.203,-168.247
4903751,66,2026-01-22T05:25:11Z,-36.22,82.541
4903752,34,2025-03-19T10:12:05Z,-51.43,-146.141
4903755,8,2024-06-28T10:49:23Z,-61.892,-158.414
4903755,70,2026-03-25T23:44:38Z,-60.413,-120.636
4903760,55,2024-12-28T10:44:21Z,41.185,5.217
4903760,100,2026-03-12T09:46:09Z,37.967,0.679
4903761,6,2025-12-26T05:57:31Z,-15.892,-77.213
4903761,12,2026-01-18T12:15:55Z,-15.447,-76.774
4903783,24,2024-09-17T13:21:00Z,7.12,70.057
4903784,87,2024-03-22T12:13:51Z,55.22,14.528
4903784,89,2024-04-01T12:08:13Z,55.227,14.547
4903784,169,2025-03-23T11:45:46Z,55.114,14.386
4903830,13,2025-05-12T05:25:33Z,27.494,-37.277
4903831,25,2025-11-25T15:58:23Z,-19.283,4.199
4903832,22,2026-04-07T05:07:46Z,-6.859,63.556
4903832,24,2026-04-27T08:40:58Z,-7.246,64.934
4903847,74,2025-09-23T10:57:02Z,40.591,11.633
4903848,54,2026-03-09T10:42:19Z,36.433,17.201
4903849,27,2026-01-10T22:36:53Z,51.252,-152.601
4903850,21,2026-02-09T01:44:57Z,41.379,149.246
4903850,35,2026-07-03T05:52:01Z,43.497,155.897
4903851,11,2025-11-09T04:39:07Z,25.503,131.706
4903854,1,2025-08-24T07:29:34Z,-2.014,163.366
4903855,17,2026-03-03T14:01:44Z,0.573,-156.507
4903856,3,2026-01-18T13:27:51Z,-45.251,7.463
4903857,1,2025-12-29T19:10:20Z,-48.025,3.42
4903857,11,2026-04-11T19:47:42Z,-45.733,5.761
4903858,16,2026-06-03T18:17:37Z,-56.946,4.433
4903859,1,2026-03-11T15:24:52Z,-62.212,46.871
4903860,5,2026-06-14T13:23:12Z,34.139,178.36
4903868,16,2025-09-13T17:59:32Z,-38.2,-50.66
4903868,21,2025-11-03T05:38:54Z,-40.876,-50.258
4903969,7,2026-04-19T03:55:19Z,-54.906,129.436
4903970,11,2026-06-26T21:17:53Z,-58.158,92.401
4903971,1,2026-04-07T16:11:42Z,-40.917,-28.187
4904029,2,2026-07-03T20:55:14Z,25.172,-43.572
5905501,152,2024-07-23T03:37:00Z,-46.558,133.562
5905501,216,2026-01-10T23:29:00Z,-52.025,156.172
5905505,140,2024-03-26T19:33:00Z,-38.565,159.68
5905519,140,2025-04-22T19:40:00Z,-11.929,146.69
5905519,181,2026-02-26T19:38:00Z,-13.588,146.075
5905531,66,2024-04-29T11:35:00Z,-26.443,107.927
5905553,133,2025-01-18T07:29:00Z,-40.681,150.109
5905555,103,2025-07-15T23:50:00Z,-62.936,-174.492
5905556,103,2025-06-18T15:29:00Z,-54.78,-168.889
5905598,12,2025-03-24T23:30:46Z,-59.455,118.116
5905598,35,2025-09-08T10:46:14Z,-58.819,133.586
5905598,44,2025-11-14T20:52:15Z,-58.852,136.532
5905613,20,2025-12-01T23:16:21Z,-31.661,154.21
5905994,188,2024-03-14T23:09:27Z,-65.513,-36.985
5905994,189,2024-03-25T01:07:06Z,-65.452,-37.12
5905995,189,2024-03-08T12:53:34Z,-64.442,-45.456
5905995,190,2024-03-18T13:28:40Z,-64.346,-45.32
5905995,191,2024-03-28T17:44:40Z,-64.142,-44.829
5906026,128,2024-11-30T14:46:28Z,53.946,-139.572
5906026,134,2025-01-29T21:21:39Z,55.003,-140.76
5906036,201,2024-09-01T09:00:08Z,-30.804,49.57
5906206,165,2024-08-24T21:42:14Z,-41.691,143.121
5906206,172,2024-11-05T09:17:09Z,-42.055,142.898
5906207,154,2024-05-04T22:22:46Z,-52.696,131.778
5906207,222,2026-04-06T04:07:17Z,-60.117,-169.795
5906208,169,2024-09-27T20:06:18Z,-40.872,70.971
5906209,150,2024-03-17T11:23:09Z,-48.129,145.011
5906213,177,2024-12-10T07:48:56Z,,
5906218,163,2024-10-13T07:57:41Z,,
5906220,167,2024-10-11T13:40:31Z,,
5906220,186,2025-04-28T08:50:03Z,,
5906226,154,2024-06-09T17:06:23Z,,
5906227,161,2024-08-19T19:40:11Z,,
5906227,181,2025-03-16T11:35:48Z,,
5906227,194,2025-07-30T12:19:46Z,,
5906235,188,2025-05-12T17:35:32Z,2.526,173.599
5906235,198,2025-08-21T05:20:41Z,3.991,178.918
5906236,181,2025-03-03T03:42:52Z,2.707,-137.35
5906244,179,2025-03-28T08:06:39Z,-29.227,-39.081
5906245,146,2024-05-28T10:23:30Z,,
5906246,191,2025-07-30T02:42:24Z,-30.298,8.47
5906247,161,2024-10-19T13:19:49Z,,
5906247,166,2024-12-10T21:25:14Z,,
5906248,71,2024-11-08T06:38:07Z,-49.951,-35.24
5906248,73,2024-11-29T04:55:12Z,-49.778,-32.041
5906249,201,2025-11-19T11:19:52Z,,
5906293,159,2024-08-28T16:58:08Z,51.49,-130.974
5906297,116,2024-08-20T01:12:50Z,38.547,-129.245
5906300,153,2024-08-01T12:20:51Z,0.558,179.426
5906300,163,2024-11-10T03:27:41Z,-0.746,165.977
5906301,150,2024-06-03T03:57:19Z,5.513,158.636
5906301,156,2024-08-02T14:26:47Z,5.063,157.152
5906301,170,2024-12-21T19:52:24Z,4.906,164.595
5906302,202,2026-03-27T20:53:17Z,1.865,-164.968
5906303,140,2024-07-10T02:22:32Z,3.03,-174.435
5906303,196,2026-01-23T14:47:45Z,2.454,-176.823
5906304,195,2026-05-03T22:18:42Z,-34.325,-170.833
5906305,136,2024-07-07T08:40:18Z,-29.756,-79.51
5906305,160,2025-03-04T05:49:30Z,-29.255,-79.799
5906306,124,2024-04-11T01:27:43Z,-37.355,-87.86
5906306,141,2024-10-02T21:37:26Z,-37.853,-87.061
5906307,118,2024-03-27T00:17:00Z,-36.803,-149.049
5906307,161,2025-05-31T08:01:43Z,-37.477,-151.973
5906308,128,2024-05-24T04:46:36Z,-37.686,-76.846
5906308,156,2025-03-07T19:18:18Z,-36.616,-78.249
5906310,117,2024-03-18T23:26:01Z,-36.123,-157.148
5906310,122,2024-05-08T02:41:35Z,-34.173,-156.415
5906311,152,2025-03-06T13:26:15Z,-47.016,-151.302
5906311,156,2025-04-15T13:38:08Z,-46.687,-152.151
5906313,128,2024-07-28T15:55:18Z,-67.581,-110.775
5906313,130,2024-08-17T15:23:47Z,-67.591,-108.731
5906313,131,2024-08-27T15:48:50Z,-67.597,-107.706
5906314,50,2024-04-11T05:31:33Z,-60.595,-96.36
5906314,100,2025-09-09T18:55:37Z,-51.813,-52.654
5906315,161,2025-06-23T16:01:26Z,-44.075,-150.484
5906317,126,2024-07-10T00:44:50Z,-61.324,-83.401
5906317,157,2025-05-17T16:02:40Z,-48.913,-48.315
5906318,130,2024-07-22T19:33:44Z,-32.675,-174.667
5906339,135,2024-12-17T22:49:29Z,13.248,-56.697
5906339,167,2025-11-04T20:25:29Z,10.713,-54.017
5906340,161,2025-08-25T03:33:14Z,27.313,-51.391
5906340,162,2025-09-04T06:50:05Z,27.072,-51.863
5906343,114,2024-05-17T06:33:12Z,19.65,-46.342
5906434,108,2024-03-23T04:24:22Z,3.072,-45.553
5906435,160,2025-08-13T15:37:15Z,30.732,-64.752
5906435,161,2025-08-23T17:20:53Z,30.649,-65.167
5906438,162,2025-10-16T04:26:49Z,40.389,-50.892
5906438,164,2025-11-05T07:41:54Z,39.071,-49.059
5906439,146,2025-02-22T02:41:29Z,34.1,-75.501
5906442,77,2024-03-21T12:34:14Z,-59.398,142.065
5906442,96,2024-09-27T21:55:34Z,-57.592,146.554
5906443,63,2024-09-21T13:15:26Z,-52.11,166.708
5906449,122,2025-03-27T22:01:39Z,17.12,-119.648
5906450,111,2024-11-05T02:46:38Z,-11.942,-115.963
5906470,84,2024-03-28T17:51:59Z,20.042,-148.146
5906471,102,2024-10-03T05:48:01Z,13.925,-149.953
5906471,106,2024-11-13T10:36:46Z,14.134,-150.651
5906471,155,2026-04-02T12:12:30Z,15.45,-148.044
5906472,93,2024-07-15T03:52:22Z,15.232,-153.718
5906473,86,2024-04-30T22:18:41Z,-0.64,-147.214
5906474,87,2024-05-13T02:41:12Z,-4.408,-163.256
5906474,120,2025-04-18T07:44:53Z,-2.745,-171.273
5906475,142,2025-12-08T18:14:15Z,6.377,-129.485
5906476,136,2025-09-29T02:10:14Z,4.775,-148.806
5906476,140,2025-11-09T11:23:38Z,4.771,-150.793
5906483,77,2024-03-11T06:57:38Z,14.294,-94.77
5906484,77,2024-03-12T18:02:05Z,15.559,-107.792
5906484,83,2024-05-13T23:33:04Z,15.117,-107.821
5906484,96,2024-09-25T20:08:21Z,15.604,-110.748
5906486,142,2026-01-11T22:54:50Z,11.647,-92.174
5906487,85,2024-07-01T16:46:14Z,-30.569,-40.147
5906487,137,2025-12-17T03:29:05Z,-38.423,-50.904
5906488,78,2024-04-13T20:36:30Z,-32.543,-48.958
5906488,159,2026-07-05T17:27:24Z,-39.838,-28.016
5906489,75,2024-03-19T10:04:54Z,-35.65,-42.832
5906489,155,2026-06-20T20:50:09Z,-40.41,-17.576
5906490,76,2024-04-15T01:20:45Z,-31.255,-1.768
5906491,94,2024-10-12T15:30:29Z,-29.108,-22.798
5906492,128,2025-09-22T09:17:28Z,-30.054,-20.664
5906493,72,2024-04-07T14:51:31Z,-67.711,-36.627
5906493,100,2025-01-24T23:42:08Z,-63.948,-47.948
5906494,71,2024-03-11T03:00:14Z,-67.4,-25.59
5906494,74,2024-04-11T19:45:33Z,-67.017,-25.222
5906494,75,2024-04-22T02:58:48Z,-67.018,-25.326
5906498,102,2025-02-16T00:17:16Z,-62.804,-21.905
5906498,104,2025-03-08T14:23:33Z,-62.685,-21.769
5906501,73,2024-03-14T03:10:17Z,-39.435,64.256
5906502,140,2025-12-03T21:22:10Z,25.042,152.89
5906503,78,2024-03-09T23:10:28Z,20.114,151.241
5906503,91,2024-07-21T20:11:12Z,19.613,153.812
5906507,210,2024-09-15T03:19:26Z,37.372,-127.193
5906507,255,2025-05-11T04:03:47Z,34.816,-129.338
5906508,78,2024-03-27T14:27:26Z,-59.911,135.883
5906508,111,2025-02-21T09:51:27Z,-55.19,142.645
5906509,76,2025-01-29T09:49:09Z,-58.697,-158.194
5906510,67,2024-03-15T15:39:52Z,27.098,130.221
5906511,96,2025-01-16T12:30:46Z,30.203,163.998
5906512,92,2024-12-15T06:37:19Z,29.157,166.166
5906512,115,2025-08-08T23:26:10Z,28.685,164.081
5906513,88,2024-10-12T23:38:28Z,25.865,136.499
5906515,90,2024-11-21T02:40:47Z,26.373,155.222
5906516,87,2024-10-29T16:05:02Z,28.976,169.493
5906516,132,2026-02-04T10:53:28Z,28.443,169.557
5906517,65,2024-04-29T19:00:21Z,33.258,-120.699
5906517,98,2025-04-08T17:08:13Z,36.878,-122.358
5906518,102,2025-03-18T14:46:24Z,32.57,147.405
5906518,131,2026-01-10T22:43:59Z,33.166,141.478
5906519,93,2024-12-03T21:43:54Z,22.353,130.883
5906519,142,2026-04-22T05:48:55Z,21.118,123.191
5906520,119,2025-10-23T13:03:15Z,30.434,-147.53
5906521,72,2024-06-04T06:49:19Z,30.03,-169.74
5906523,137,2026-05-02T04:31:26Z,27.433,-132.109
5906524,71,2024-05-14T12:18:00Z,-47.487,79.857
5906524,100,2025-03-21T17:55:49Z,-47.839,104.036
5906524,108,2025-06-14T11:31:12Z,-49.664,116.863
5906525,72,2024-05-22T19:12:32Z,-40.638,1.306
5906525,98,2025-02-14T21:12:26Z,-41.077,-1.867
5906526,72,2024-05-15T04:20:07Z,-42.168,73.919
5906526,120,2025-09-22T22:29:14Z,-38.463,71.958
5906529,200,2024-12-23T03:08:24Z,22.144,-150.742
5906529,239,2025-07-20T16:27:22Z,22.947,-145.853
5906530,108,2025-06-22T09:11:30Z,35.167,-133.198
5906531,125,2026-01-08T03:22:37Z,46.941,-143.773
5906531,130,2026-03-01T04:43:55Z,46.962,-143.054
5906533,135,2026-04-17T10:04:39Z,52.09,-160.762
5906534,61,2024-03-17T17:07:05Z,50.531,-174.878
5906534,87,2024-12-14T15:42:08Z,50.516,-173.666
5906535,97,2025-05-30T14:52:54Z,54.643,174.474
5906535,103,2025-08-01T10:21:30Z,55.614,174.842
5906536,74,2024-11-05T12:37:48Z,-32.128,33.493
5906536,93,2025-05-20T12:11:58Z,-37.833,26.686
5906536,114,2025-12-22T14:28:43Z,-40.183,36.918
5906537,101,2025-08-12T18:23:43Z,-10.829,58.411
5906538,65,2024-08-25T09:36:28Z,-26.167,51.002
5906538,130,2026-06-04T18:07:36Z,-31.103,49.76
5906539,62,2024-07-04T01:58:05Z,-8.259,73.96
5906539,63,2024-07-14T02:17:30Z,-7.428,73.95
5906539,76,2024-11-21T02:13:40Z,-11.226,78.791
5906540,52,2024-03-19T18:05:27Z,-11.175,49.876
5906540,128,2026-04-17T03:30:15Z,-12.292,45.601
5906541,65,2024-08-29T20:04:06Z,-40.492,-38.121
5906541,93,2025-06-13T16:55:19Z,-38.936,-34.826
5906542,56,2024-06-23T10:22:15Z,-60.104,-105.389
5906542,79,2025-02-17T22:56:15Z,-60.737,-84.099
5906543,53,2024-05-23T08:26:35Z,-62.172,-83.456
5906544,50,2024-04-16T02:22:17Z,-49.774,-33.69
5906544,103,2025-10-21T09:15:03Z,-49.856,16.61
5906545,79,2025-02-12T18:14:53Z,-45.932,-132.862
5906548,87,2025-04-22T23:50:59Z,-2.733,-141.797
5906548,92,2025-06-13T05:35:02Z,-2.278,-144.406
5906548,129,2026-06-27T04:12:27Z,-2.88,-164.649
5906549,46,2024-03-12T19:46:06Z,-20.143,-153.722
5906549,91,2025-06-18T10:47:12Z,-19.453,-156.281
5906550,63,2024-09-16T00:40:25Z,-42.042,-146.524
5906551,58,2024-08-01T06:26:33Z,-46.447,-146.561
5906553,70,2024-12-11T01:32:10Z,-61.875,-79.743
5906554,49,2024-05-10T14:42:49Z,-62.751,-131.834
5906554,67,2024-11-12T05:01:33Z,-62.116,-124.718
5906560,82,2025-04-27T14:00:18Z,-48.125,-39.924
5906560,124,2026-07-04T12:26:27Z,-45.799,-42.247
5906562,44,2024-04-06T11:41:06Z,-51.122,-37.516
5906562,75,2025-02-20T21:25:58Z,-48.453,-11.151
5906562,122,2026-06-22T00:37:29Z,-49.665,5.424
5906563,100,2025-07-29T05:56:55Z,19.408,-127.577
5906566,108,2025-11-09T17:28:02Z,-25.776,-164.438
5906566,125,2026-04-27T20:35:55Z,-24.078,-168.01
5906567,115,2026-02-05T14:57:02Z,-36.633,-175.488
5906567,116,2026-02-15T21:53:41Z,-36.158,-176.208
5906568,72,2024-11-26T15:10:00Z,-38.959,-132.393
5906569,79,2025-02-08T08:46:34Z,-34.397,-148.249
5906569,89,2025-05-22T02:33:34Z,-33.897,-147.194
5906571,103,2025-10-30T20:16:25Z,-10.957,-133.109
5906573,95,2025-08-18T06:30:40Z,-10.868,-106.774
5906573,103,2025-11-08T18:25:16Z,-10.834,-106.879
5906575,47,2024-04-13T16:03:14Z,-21.154,-97.824
5906576,69,2024-11-29T08:52:13Z,-19.119,-108.814
5906577,71,2024-12-24T14:31:24Z,-21.568,-125.069
5906578,42,2024-03-07T12:46:30Z,-27.567,-161.853
5906578,43,2024-03-17T11:57:21Z,-27.456,-162.011
5906578,46,2024-04-16T16:04:13Z,-27.346,-162.562
5906579,105,2025-12-22T21:19:25Z,-41.89,-172.128
5906581,72,2025-01-15T14:19:55Z,-60.803,-175.548
5906582,102,2025-11-21T13:15:30Z,-69.15,-172.38
5906596,106,2024-12-18T10:29:59Z,48.884,150.031
5906624,263,2026-05-10T10:31:58Z,-46.07,-153.825
5906635,170,2025-06-17T23:46:00Z,-41.573,169.006
5906635,196,2026-01-01T23:35:00Z,-41.99,169.953
5906635,198,2026-01-13T23:43:00Z,-42.011,169.889
5906636,147,2024-12-25T19:25:00Z,-44.029,140.878
5906636,151,2025-02-02T15:24:00Z,-43.224,138.963
5906645,194,2025-09-21T21:50:00Z,-11.843,153.923
5906661,159,2025-09-05T00:00:50Z,-23.622,107.304
5906661,160,2025-09-15T04:20:40Z,-23.295,107.431
5906765,116,2024-03-10T09:42:18Z,3.256,178.83
5906765,119,2024-04-09T17:00:33Z,3.833,176.59
5906765,176,2025-11-08T23:44:55Z,1.157,-179.067
5906767,96,2024-04-27T15:27:32Z,2.475,-173.711
5906767,104,2024-07-17T20:41:24Z,2.145,-169.754
5906880,18,2025-11-15T13:46:01Z,36.342,-124.032
5906882,4,2025-08-16T21:20:43Z,41.533,-125.31
5906884,20,2026-03-04T08:34:53Z,45.756,-127.854
5906885,25,2025-10-18T22:24:20Z,44.579,-127.533
5906970,62,2024-05-25T08:17:30Z,-9.664,52.556
5906970,66,2024-07-04T08:11:30Z,-11.1,52.027
5906972,61,2024-04-06T09:45:42Z,-15.598,43.223
5906972,68,2024-06-13T20:35:56Z,-15.808,42.788
5906990,81,2024-09-16T10:42:00Z,41.989,4.2
5906995,23,2025-08-02T10:58:21Z,69.973,3.046
5907047,65,2025-09-04T00:48:00Z,10.943,-18.9
5907050,52,2025-01-27T05:38:58Z,-32.419,69.976
5907051,41,2024-09-19T21:56:14Z,-37.031,95.621
5907051,73,2025-08-14T15:04:47Z,-36.754,92.387
5907051,81,2025-11-04T17:19:31Z,-36.518,91.821
5907052,43,2025-05-15T04:20:21Z,-56.159,104.04
5907054,43,2025-05-09T11:53:17Z,-43.614,106.815
5907055,19,2024-03-07T07:07:59Z,-35.581,38.844
5907055,20,2024-03-17T13:25:25Z,-35.891,37.429
5907055,21,2024-03-27T19:24:21Z,-35.526,36.441
5907058,36,2024-10-06T10:40:28Z,55.72,178.467
5907061,97,2024-06-20T18:47:38Z,22.516,-153.032
5907061,200,2025-12-11T18:09:10Z,22.203,-148.58
5907063,27,2024-07-27T13:06:04Z,-62.592,13.611
5907088,148,2025-11-23T07:45:00Z,38.258,17.385
5907131,5,2025-06-26T02:53:28Z,-15.67,-35.146
5907147,31,2025-08-17T10:58:28Z,41.043,7.873
5907147,153,2026-01-09T10:40:24Z,41.298,8.173
5907149,9,2025-10-04T09:57:24Z,43.193,157.893
5907149,28,2026-04-18T00:24:48Z,44.4,159.582
5907152,11,2025-10-31T22:59:20Z,15.293,90.187
5907153,23,2025-09-27T21:44:46Z,37.257,-123.352
5907154,14,2026-01-18T21:11:37Z,-9.958,-174.781
5907155,25,2026-01-11T18:24:26Z,23.852,-160.035
5907157,17,2026-06-01T05:30:59Z,-43.319,96.111
5907159,3,2026-04-29T12:18:01Z,34.737,-153.918
5907159,7,2026-06-09T12:14:13Z,34.493,-154.219
5907160,3,2026-05-12T11:29:41Z,31.925,178.371
5907185,3,2026-02-01T11:45:58Z,-67.457,-1.267
5907193,12,2025-07-05T23:12:41Z,66.651,-2.263
5907194,22,2025-09-17T11:09:00Z,73.479,-4.02
5907212,3,2025-08-11T02:43:24Z,46.343,-38.196
5907212,16,2025-12-20T23:08:25Z,42.488,-34.374
5907248,4,2026-04-20T21:48:24Z,-53.169,118.798
5907250,5,2026-05-14T17:14:39Z,-44.797,-28.666
5907251,2,2026-03-25T18:32:22Z,-55.784,-49.524
5907252,3,2026-03-25T02:44:45Z,,
5907305,2,2026-06-29T01:02:31Z,24.793,-22.167
5907306,3,2026-07-02T02:39:32Z,-30.427,-75.495
6902906,239,2024-06-29T14:48:00Z,-6.903,-115.903
6902906,246,2024-09-07T19:42:00Z,-7.178,-114.919
6902907,262,2024-04-02T19:46:00Z,-6.804,-124.071
6902907,274,2024-07-31T19:42:00Z,-7.438,-124.405
6902908,264,2024-03-10T20:40:00Z,-8.343,-128.158
6902908,270,2024-05-09T20:46:00Z,-8.227,-130.154
6902909,249,2025-04-04T21:44:00Z,-6.3,-146.48
6902909,268,2025-10-11T01:30:00Z,-5.862,-148.063
6903127,313,2024-06-25T15:18:23Z,72.902,-65.559
6903128,104,2024-10-14T12:09:00Z,-55.157,48.37
6903128,145,2025-11-28T14:05:00Z,-56.13,57.257
6903129,144,2025-08-14T11:30:00Z,-65.118,3.163
6903590,144,2024-05-28T11:16:00Z,70.097,-5.28
6903591,176,2024-11-09T11:24:00Z,67.743,-5.324
6903591,185,2024-12-24T11:28:00Z,66.801,-3.465
6903823,134,2024-08-16T11:32:00Z,34.076,34.641
6903823,190,2025-05-23T11:34:00Z,34.051,33.624
6903825,248,2026-04-17T11:44:00Z,41.77,17.662
6903828,91,2024-03-05T11:28:00Z,35.487,21.561
6903828,93,2024-03-15T11:21:00Z,35.337,21.583
6903828,96,2024-03-30T11:26:00Z,35.374,21.617
6903874,183,2025-11-08T11:25:00Z,-0.437,0.315
6903875,139,2024-09-23T13:17:00Z,-6.236,-32.784
6903877,142,2024-07-09T08:24:00Z,1.205,-21.432
6903877,146,2024-08-18T08:16:00Z,1.814,-25.055
6903878,124,2024-04-26T12:26:00Z,-6.306,-19.954
6903878,139,2024-09-23T08:20:00Z,-5.647,-21.087
6904118,133,2024-03-20T22:22:37Z,-38.591,50.547
6904118,144,2024-06-04T12:09:35Z,-44.543,61.911
6904118,196,2025-05-27T11:15:07Z,-45.165,73.691
6904183,173,2025-07-14T12:22:00Z,44.79,-7.613
6904183,177,2025-08-23T12:25:00Z,44.5,-7.757
6904184,166,2025-05-17T13:24:00Z,36.735,-34.995
6904186,126,2025-04-02T12:25:00Z,-36.77,-51.44
6904187,103,2024-08-26T14:23:00Z,-25.924,-34.072
6904187,131,2025-06-02T03:26:00Z,-27.515,-38.145
6904188,123,2025-04-18T10:29:00Z,-10.091,-33.075
6904235,131,2025-03-19T12:32:00Z,-67.436,-18.338
6904240,75,2024-05-14T14:07:51Z,60.998,-33.884
6904240,83,2024-08-02T14:07:51Z,61.501,-31.366
6904240,100,2025-01-19T08:04:23Z,63.204,-29.524
6990503,59,2024-03-08T07:58:14Z,-2.441,66.53
6990504,133,2026-06-06T07:57:14Z,-2.12,80.257
6990505,61,2024-05-13T03:58:42Z,-10.629,48.754
6990505,116,2025-10-31T01:37:04Z,-17.194,39.561
6990528,115,2024-07-18T10:38:00Z,42.599,8.348
6990580,41,2024-05-23T18:28:19Z,55.851,-11.095
6990580,63,2024-12-23T13:03:54Z,54.062,-19.283
6990582,13,2024-05-24T22:09:50Z,-64.272,135.232
6990582,73,2026-02-01T08:58:03Z,-65.151,121.987
6990583,5,2024-03-27T20:03:29Z,-55.115,113.699
6990587,7,2024-03-13T09:24:41Z,-60.755,149.844
6990588,13,2024-07-14T17:33:21Z,-36.44,121.21
6990588,24,2024-11-04T19:13:29Z,-35.597,119.847
6990590,27,2025-12-12T19:35:59Z,21.458,-117.562
6990636,24,2024-09-23T11:49:55Z,61.621,-20.54
6990636,37,2025-01-25T11:49:56Z,58.023,-30.776
6990638,10,2024-07-26T10:54:00Z,73.861,-0.677
6990638,46,2025-01-22T10:43:00Z,76.298,5.214
6990639,2,2024-06-16T10:46:00Z,,
6990639,3,2024-06-21T10:58:00Z,,
6990662,57,2026-01-27T16:41:54Z,33.422,-122.142
6990662,62,2026-03-19T20:09:25Z,33.6,-123.336
6990668,110,2025-08-08T02:40:44Z,59.136,-48.492
6990670,23,2025-05-20T02:32:44Z,-48.644,-39.041
6990670,34,2025-07-14T14:46:28Z,-49.085,-29.895
6990670,43,2025-08-28T02:36:47Z,-51.073,-25.54
6990671,46,2026-06-04T07:09:10Z,-16.627,-9.775
6990679,1,2024-12-01T13:28:00Z,-11.561,67.733
6990679,31,2025-09-27T13:26:00Z,-11.699,68.192
6990684,27,2025-11-04T10:48:22Z,40.683,13.017
6990684,40,2026-01-08T10:48:56Z,40.887,12.235
6990685,44,2026-02-08T10:46:17Z,39.116,6.83
6990686,72,2025-11-18T10:46:19Z,42.669,5.152
6990687,38,2026-03-05T12:38:58Z,32.527,-72.744
6990687,49,2026-06-26T05:27:07Z,32.52,-76.573
6990689,32,2026-06-29T15:13:29Z,-38.831,15.685
6990690,23,2025-10-05T10:02:55Z,36.983,-122.6
6990692,4,2025-11-06T17:34:37Z,1.399,-152.823
6990693,12,2026-04-02T05:11:19Z,-39.406,131.037
6990695,3,2026-05-31T22:02:46Z,35.573,145.346
6990695,5,2026-06-21T11:07:40Z,34.462,144.398
6990700,26,2025-07-01T11:44:44Z,22.852,59.856
6990727,43,2026-05-25T08:23:00Z,3.576,-21.538
6999992,42,2026-07-01T21:59:55Z,17.576,-69.097
7900585,246,2024-04-10T10:18:47Z,56.606,-31.547
7900585,255,2024-05-25T10:02:22Z,56.424,-32.122
7900588,267,2024-07-19T11:52:56Z,55.411,-10.207
7900588,279,2024-09-17T12:02:44Z,56.014,-12.391
7900696,4,2025-03-14T23:55:21Z,-62.527,104.107
7900696,36,2025-07-21T04:50:01Z,-62.633,114.195
7900706,12,2026-04-24T21:17:47Z,-64.335,149.433
7900824,78,2024-03-06T17:05:29Z,-74.935,175.294
7900824,79,2024-03-12T00:37:20Z,-74.948,174.966
7900825,76,2024-03-07T17:00:46Z,-74.797,178.013
7900886,55,2026-04-07T09:46:23Z,47.553,160.457
7900943,124,2025-04-22T15:31:13Z,-54.416,103.854
7900943,140,2025-09-07T15:34:23Z,-58.277,109.323
7900947,1048,2024-03-26T15:15:00Z,-67.942,7.918
7900970,18,2025-02-20T05:45:01Z,-76.849,174.009
7901006,128,2024-03-12T06:49:00Z,68.155,-13.274
7901007,270,2024-09-18T10:24:00Z,74.675,33.623
7901007,373,2025-03-16T11:13:00Z,73.591,47.129
7901028,86,2024-06-15T23:33:14Z,69.907,9.262
7901065,70,2025-03-30T11:43:00Z,42.306,36.559
7901086,27,2025-11-18T15:36:00Z,-31.772,-72.528
7901095,21,2024-03-11T15:48:30Z,-0.511,143.59
7901098,23,2024-05-12T07:30:05Z,8.259,-171.273
7901102,11,2024-07-27T20:38:08Z,-55.137,-165.227
7901102,73,2026-04-24T12:50:06Z,-54.014,-143.851
7901106,229,2026-05-17T03:08:43Z,21.827,-158.68
7901107,26,2024-11-29T14:03:17Z,-42.229,128.94
7901108,20,2024-09-27T09:53:05Z,-40.349,126.275
7901108,26,2024-11-28T03:08:45Z,-40.819,126.065
7901109,17,2025-08-24T06:02:18Z,11.635,-93.697
7901111,28,2025-07-18T15:39:44Z,-29.626,-72.092
7901124,41,2024-06-17T15:26:34Z,71.827,-65.537
7901133,23,2025-09-21T11:52:33Z,37.785,-11.395
7901133,51,2026-02-08T11:42:24Z,35.376,-14.911
7901136,73,2025-05-26T13:22:00Z,14.639,70.137
7901136,95,2026-01-01T13:36:00Z,15.286,69.251
7902100,44,2025-07-19T03:52:45Z,-56.255,-33.601
7902100,57,2025-11-29T20:42:18Z,-53.777,-39.474
7902101,4,2024-07-27T10:59:59Z,2.405,-95.112
7902101,8,2024-09-06T12:45:31Z,2.057,-94.885
7902101,43,2025-09-01T05:35:24Z,2.16,-88.882
7902102,28,2025-04-03T18:54:51Z,-1.535,-93.813
7902102,46,2025-10-05T10:10:08Z,-2.614,-89.376
7902103,69,2026-06-07T05:29:28Z,6.319,-104.23
7902105,40,2025-08-18T01:37:19Z,38.581,-156.847
7902105,42,2025-09-07T15:53:14Z,38.534,-157.006
7902107,10,2024-10-19T19:41:22Z,35.8,174.392
7902110,13,2024-12-11T07:12:05Z,-31.158,172.252
7902112,139,2026-06-15T14:46:33Z,39.127,-150.075
7902113,42,2025-12-18T09:04:02Z,-33.989,-72.998
7902114,6,2025-01-10T16:31:54Z,-47.913,-75.859
7902114,18,2025-05-14T09:26:09Z,-47.518,-76.189
7902115,11,2025-04-13T09:13:02Z,-68.118,-80.608
7902115,45,2026-03-25T17:12:24Z,-59.997,-51.543
7902116,9,2024-12-21T19:57:45Z,27.254,144.307
7902117,5,2024-11-16T17:42:31Z,9.374,175.658
7902117,6,2024-11-27T01:52:55Z,9.524,175.645
7902118,31,2025-08-13T13:07:05Z,4.171,-174.256
7902118,35,2025-09-23T19:05:17Z,4.166,-175.529
7902118,48,2026-02-04T22:00:32Z,4.053,179.632
7902119,5,2024-11-20T17:57:04Z,-4.295,-162.153
7902119,6,2024-12-01T01:19:49Z,-4.353,-161.974
7902120,3,2024-11-02T13:51:56Z,-11.698,-155.625
7902120,6,2024-12-03T11:24:14Z,-11.632,-155.215
7902120,8,2024-12-03T20:42:00Z,-11.635,-155.182
7902121,11,2025-01-28T18:34:30Z,-27.826,-133.788
7902122,21,2025-05-12T08:10:31Z,-31.002,-126.34
7902122,49,2026-02-23T14:16:58Z,-29.541,-126.341
7902124,10,2025-02-13T01:48:51Z,-28.183,35.485
7902125,16,2025-04-22T08:33:24Z,-24.324,50.935
7902126,27,2025-08-17T00:02:20Z,-25.12,57.937
7902126,40,2025-12-28T18:28:20Z,-23.59,56.095
7902128,45,2026-02-25T21:28:25Z,-19.851,65.244
7902129,28,2025-09-04T11:14:07Z,-23.599,78.265
7902129,41,2026-01-16T11:18:25Z,-22.442,78.215
7902131,5,2025-01-16T11:40:39Z,-23.759,99.084
7902131,35,2025-11-21T16:24:23Z,-23.762,95.584
7902132,42,2026-02-05T20:25:22Z,-19.78,107.367
7902133,8,2025-02-07T02:18:20Z,-49.581,-109.692
7902134,6,2025-01-22T11:23:55Z,-42.898,-92.27
7902134,15,2025-04-25T01:27:28Z,-44.243,-92.801
7902135,1,2025-01-02T02:28:08Z,-41.984,-138.973
7902138,13,2025-05-14T15:13:33Z,-45.369,69.746
7902138,22,2025-08-14T21:51:01Z,-45.562,83.693
7902139,8,2025-03-17T10:42:59Z,-56.163,-0.262
7902140,42,2026-01-21T06:42:19Z,-46.458,-119.491
7902140,57,2026-06-24T20:19:19Z,-43.74,-120.206
7902140,58,2026-07-05T03:39:20Z,-43.773,-120.117
7902141,19,2025-07-04T21:36:01Z,-40.004,55.142
7902141,25,2025-09-04T14:18:51Z,-42.28,59.407
7902142,8,2025-03-17T19:22:04Z,-52.505,50.094
7902143,5,2025-02-20T03:36:03Z,-63.823,-1.872
7902143,42,2026-03-07T15:45:31Z,-68.881,-15.798
7902144,19,2025-08-19T23:11:58Z,-69.858,-34.117
7902146,3,2025-03-10T02:28:40Z,-69.312,-35.729
7902146,35,2026-02-01T05:09:48Z,-65.853,-47.452
7902150,7,2025-07-14T10:25:55Z,-41.214,135.593
7902151,19,2025-11-15T03:52:10Z,-42.809,141.102
7902152,1,2025-05-13T13:40:28Z,-45.089,149.288
7902152,13,2025-09-14T00:08:15Z,-42.665,155.584
7902153,35,2026-04-29T07:13:15Z,-50.544,159.661
7902154,10,2025-08-15T13:05:08Z,-56.415,170.245
7902156,9,2026-04-26T11:32:38Z,-42.142,72.806
7902157,7,2026-04-18T01:27:30Z,-48.747,145.31
7902160,8,2026-03-16T03:17:11Z,-62.61,13.924
7902160,15,2026-05-27T03:59:59Z,-62.973,17.224
7902161,1,2026-01-04T00:09:48Z,-65.002,14.316
7902163,6,2026-03-12T05:32:18Z,-60.861,-72.332
7902165,9,2026-04-11T09:12:28Z,-61.215,-79.253
7902166,14,2026-06-29T15:11:10Z,-54.203,-48.331
7902167,2,2026-01-26T16:02:48Z,-56.559,-80.627
7902167,4,2026-02-16T06:12:42Z,-56.31,-78.518
7902168,14,2026-07-05T01:54:38Z,-50.111,-51.514
7902170,24,2024-12-04T09:04:14Z,0.47,73.942
7902178,26,2025-05-31T11:34:39Z,-46.713,23.977
7902179,17,2025-04-17T11:42:39Z,-46.397,17.889
7902190,52,2025-09-23T12:53:40Z,,
7902195,89,2025-07-08T01:06:27Z,77.055,-3.918
7902199,14,2024-09-18T22:48:38Z,40.294,-128.214
7902199,16,2024-10-09T10:02:50Z,40.502,-128.146
7902199,74,2026-05-25T17:25:41Z,38.517,-127.18
7902200,18,2025-01-25T03:07:47Z,7.115,64.58
7902203,29,2024-10-27T11:29:00Z,67.417,-1.53
7902226,43,2026-03-08T18:09:19Z,24.849,-54.089
7902226,52,2026-06-07T13:46:35Z,24.484,-55.639
7902227,11,2025-11-12T04:21:08Z,-28.483,6.054
7902250,9,2025-03-24T13:35:00Z,-1.814,85.42
7902250,16,2025-06-02T13:33:00Z,-1.279,84.059
7902260,94,2026-06-28T10:54:20Z,38.299,16.918
7902261,23,2025-08-21T11:56:32Z,-62.623,-4.823
7902261,30,2025-11-01T07:03:11Z,-62.703,-5.535
7902261,35,2025-12-22T15:22:39Z,-62.76,-6.045
7902262,31,2025-12-31T20:49:04Z,-63.783,-36.737
7902263,7,2025-10-03T17:13:42Z,19.499,132.438
7902263,11,2025-11-14T01:34:49Z,19.699,132.994
7902264,5,2025-08-18T20:15:35Z,56.126,175.538
7902265,12,2025-12-13T06:15:28Z,0.849,170.12
7902265,22,2026-03-25T22:01:46Z,-0.409,-174.442
7902266,22,2025-11-01T01:30:36Z,27.617,-158.164
7902266,46,2026-07-05T09:36:13Z,27.289,-161.18
7902267,3,2026-03-03T20:31:57Z,-49.354,121.008
7902268,14,2026-06-14T08:43:04Z,-38.391,64.335
7902269,9,2026-07-01T04:08:32Z,35.552,-159.759
7902270,6,2026-05-25T01:31:16Z,31.028,-131.276
7902270,9,2026-06-24T22:06:59Z,30.949,-131.633
7902270,10,2026-07-05T05:46:30Z,31.01,-131.754
7902277,16,2025-09-25T08:10:58Z,-24.574,-9.595
7902277,18,2025-10-15T09:46:47Z,-24.289,-10.018
7902295,9,2026-01-14T13:11:10Z,-64.464,2.514
7902295,16,2026-02-21T04:39:21Z,-64.472,2.42
7902312,12,2025-12-31T01:58:24Z,1.675,80.806
7902313,23,2026-03-09T22:32:27Z,-18.043,1.625
7902313,34,2026-06-28T21:34:24Z,-17.341,2.533
7902327,1,2026-05-21T21:21:18Z,26.021,-93.799
7902327,5,2026-07-01T05:28:01Z,24.511,-92.141
7902334,73,2026-06-08T16:02:14Z,41.604,17.997
7902378,9,2026-06-11T14:33:53Z,-47.337,134.613
7902382,3,2026-03-23T02:50:08Z,-56.293,-54.73
7902382,4,2026-04-02T06:12:29Z,-54.343,-53.666
7902382,11,2026-06-12T04:54:28Z,-52.155,-46.69
